10,-5,p8IXOzQXjFiIMAX7egRc9bnEsSo=,O4RIK1G4xADcsuO5taoBodUv0pg=
10,-4,p8IXOzQXjFiIMAX7egRc9bnEsSo=,nsSQPMLwLY/6Dh5WOOLcQBT55pc=
9,-5,p8IXOzQXjFiIMAX7egRc9bnEsSo=,m/oaD109vtxeeVeRFazjX8py6aw=
9,-4,p8IXOzQXjFiIMAX7egRc9bnEsSo=,88iZW1XTyDA/hUbXekcMwIXfg+Q=
10,-2,p8IXOzQXjFiIMAX7egRc9bnEsSo=,kxUcKP7/1ol36gtk/4ScBTrYyCk=
10,-3,p8IXOzQXjFiIMAX7egRc9bnEsSo=,nsSQPMLwLY/6Dh5WOOLcQBT55pc=
9,-3,p8IXOzQXjFiIMAX7egRc9bnEsSo=,88iZW1XTyDA/hUbXekcMwIXfg+Q=
10,-6,p8IXOzQXjFiIMAX7egRc9bnEsSo=,O4RIK1G4xADcsuO5taoBodUv0pg=
10,-7,p8IXOzQXjFiIMAX7egRc9bnEsSo=,7g29mKYcSbtIsCEj4W7PLW+KT88=
9,-7,p8IXOzQXjFiIMAX7egRc9bnEsSo=,vnx1kS0VNud9/TcJmfBLTnHrfDE=
9,-6,p8IXOzQXjFiIMAX7egRc9bnEsSo=,m/oaD109vtxeeVeRFazjX8py6aw=
9,-2,p8IXOzQXjFiIMAX7egRc9bnEsSo=,fTFyX5qUGGwHg6+e+twXYPxO+84=
7,-5,8oQq5D6C2YHllrQP7SnyOJMiJcA=,lKEnCwsUtysjpLpAOjhQhjHnjEM=
7,-4,8oQq5D6C2YHllrQP7SnyOJMiJcA=,02RxXigonBl2QvHNWRqeYNTZk8k=
8,-5,8oQq5D6C2YHllrQP7SnyOJMiJcA=,m/oaD109vtxeeVeRFazjX8py6aw=
8,-4,8oQq5D6C2YHllrQP7SnyOJMiJcA=,88iZW1XTyDA/hUbXekcMwIXfg+Q=
8,-3,8oQq5D6C2YHllrQP7SnyOJMiJcA=,88iZW1XTyDA/hUbXekcMwIXfg+Q=
7,-3,8oQq5D6C2YHllrQP7SnyOJMiJcA=,02RxXigonBl2QvHNWRqeYNTZk8k=
7,-2,8oQq5D6C2YHllrQP7SnyOJMiJcA=,ca4bQYQmeD3xveYPfCrjzSb0th0=
8,-2,d0wfDOpprQIsWrY1FlFAThlusOY=,fTFyX5qUGGwHg6+e+twXYPxO+84=
1,-5,d0wfDOpprQIsWrY1FlFAThlusOY=,vq2hxRHf1S1FL3NG4J57Mgq9e7M=
1,-4,d0wfDOpprQIsWrY1FlFAThlusOY=,rhIJpda3QBaZWSdfNFsCcd8bLQ8=
2,-5,d0wfDOpprQIsWrY1FlFAThlusOY=,11WJrlQfmuO10uzWRPEuog5Y/FQ=
2,-4,d0wfDOpprQIsWrY1FlFAThlusOY=,YAaTN3Z7LI8iqvChtAeNHJHrzic=
1,-6,d0wfDOpprQIsWrY1FlFAThlusOY=,vq2hxRHf1S1FL3NG4J57Mgq9e7M=
3,-3,d0wfDOpprQIsWrY1FlFAThlusOY=,YAaTN3Z7LI8iqvChtAeNHJHrzic=
5,-3,d0wfDOpprQIsWrY1FlFAThlusOY=,Jkmt+f/sSRZ6sgqK5CmAzPnyQlk=
6,-3,d0wfDOpprQIsWrY1FlFAThlusOY=,02RxXigonBl2QvHNWRqeYNTZk8k=
6,-2,d0wfDOpprQIsWrY1FlFAThlusOY=,ca4bQYQmeD3xveYPfCrjzSb0th0=
2,-7,d0wfDOpprQIsWrY1FlFAThlusOY=,958YqKIspAqwFo82bCwVgwxjXlY=
2,-6,Q1YlgU9K3KYrqW/UB414xJx25uU=,11WJrlQfmuO10uzWRPEuog5Y/FQ=
1,-7,Q1YlgU9K3KYrqW/UB414xJx25uU=,YR+OX49Gw4UYkSF+EvbcjwrSQzc=
4,-2,Q1YlgU9K3KYrqW/UB414xJx25uU=,SppWVdhrvB6FLVC4KM1OR9BWVUc=
4,-3,Q1YlgU9K3KYrqW/UB414xJx25uU=,Jkmt+f/sSRZ6sgqK5CmAzPnyQlk=
5,-2,Q1YlgU9K3KYrqW/UB414xJx25uU=,SppWVdhrvB6FLVC4KM1OR9BWVUc=
3,-2,Q1YlgU9K3KYrqW/UB414xJx25uU=,TnTrR3JMaI/BkKMQoJQuJLtMWEY=
1,-2,Q1YlgU9K3KYrqW/UB414xJx25uU=,NeWVQ1NXWKgRLwwanmmdTdHHWsw=
1,-3,Q1YlgU9K3KYrqW/UB414xJx25uU=,rhIJpda3QBaZWSdfNFsCcd8bLQ8=
2,-3,Q1YlgU9K3KYrqW/UB414xJx25uU=,YAaTN3Z7LI8iqvChtAeNHJHrzic=
2,-2,Q1YlgU9K3KYrqW/UB414xJx25uU=,TnTrR3JMaI/BkKMQoJQuJLtMWEY=
3,-8,Q1YlgU9K3KYrqW/UB414xJx25uU=,958YqKIspAqwFo82bCwVgwxjXlY=
3,-10,Q1YlgU9K3KYrqW/UB414xJx25uU=,YzwkG5Ao70+79DxUuk5CAm+cnH8=
4,-10,Q1YlgU9K3KYrqW/UB414xJx25uU=,1/E8bkQvAG7zyTyB+n+FCjrJFzw=
4,-8,Q1YlgU9K3KYrqW/UB414xJx25uU=,kikAkut/DkqbE/FNN42zuke29rY=
4,-9,Q1YlgU9K3KYrqW/UB414xJx25uU=,1/E8bkQvAG7zyTyB+n+FCjrJFzw=
3,-9,Q1YlgU9K3KYrqW/UB414xJx25uU=,YzwkG5Ao70+79DxUuk5CAm+cnH8=
10,-9,ryeLXdzLVuuRNJHdIsy+9JZd5LQ=,AJEpivLW9d+Fv6Sm9CXwVDjIDcA=
10,-8,ryeLXdzLVuuRNJHdIsy+9JZd5LQ=,7g29mKYcSbtIsCEj4W7PLW+KT88=
9,-9,ryeLXdzLVuuRNJHdIsy+9JZd5LQ=,N5TXicH9+4NtJjkJqpbDo+VEYWc=
9,-8,ryeLXdzLVuuRNJHdIsy+9JZd5LQ=,vnx1kS0VNud9/TcJmfBLTnHrfDE=
3,-4,ryeLXdzLVuuRNJHdIsy+9JZd5LQ=,YAaTN3Z7LI8iqvChtAeNHJHrzic=
5,-4,ryeLXdzLVuuRNJHdIsy+9JZd5LQ=,Jkmt+f/sSRZ6sgqK5CmAzPnyQlk=
6,-4,ryeLXdzLVuuRNJHdIsy+9JZd5LQ=,02RxXigonBl2QvHNWRqeYNTZk8k=
3,-6,ryeLXdzLVuuRNJHdIsy+9JZd5LQ=,11WJrlQfmuO10uzWRPEuog5Y/FQ=
3,-5,ryeLXdzLVuuRNJHdIsy+9JZd5LQ=,11WJrlQfmuO10uzWRPEuog5Y/FQ=
6,-5,ryeLXdzLVuuRNJHdIsy+9JZd5LQ=,lKEnCwsUtysjpLpAOjhQhjHnjEM=
4,-6,ryeLXdzLVuuRNJHdIsy+9JZd5LQ=,2E2Q62I8SZOSu9m3/n/ZN8TIQk0=
4,-4,ryeLXdzLVuuRNJHdIsy+9JZd5LQ=,Jkmt+f/sSRZ6sgqK5CmAzPnyQlk=
4,-7,ryeLXdzLVuuRNJHdIsy+9JZd5LQ=,kikAkut/DkqbE/FNN42zuke29rY=
4,-5,ryeLXdzLVuuRNJHdIsy+9JZd5LQ=,2E2Q62I8SZOSu9m3/n/ZN8TIQk0=
5,-5,ryeLXdzLVuuRNJHdIsy+9JZd5LQ=,2E2Q62I8SZOSu9m3/n/ZN8TIQk0=
6,-10,ryeLXdzLVuuRNJHdIsy+9JZd5LQ=,DiIue943lk7+IgM9e22MrBXAVBY=
3,-7,ryeLXdzLVuuRNJHdIsy+9JZd5LQ=,958YqKIspAqwFo82bCwVgwxjXlY=
5,-10,ryeLXdzLVuuRNJHdIsy+9JZd5LQ=,1/E8bkQvAG7zyTyB+n+FCjrJFzw=
8,-10,ryeLXdzLVuuRNJHdIsy+9JZd5LQ=,N5TXicH9+4NtJjkJqpbDo+VEYWc=
7,-10,ryeLXdzLVuuRNJHdIsy+9JZd5LQ=,DiIue943lk7+IgM9e22MrBXAVBY=
5,-8,ryeLXdzLVuuRNJHdIsy+9JZd5LQ=,kikAkut/DkqbE/FNN42zuke29rY=
5,-7,ryeLXdzLVuuRNJHdIsy+9JZd5LQ=,kikAkut/DkqbE/FNN42zuke29rY=
7,-6,Bu5QaZl8OM57Y9ZHgRtz2istFHc=,lKEnCwsUtysjpLpAOjhQhjHnjEM=
5,-6,Bu5QaZl8OM57Y9ZHgRtz2istFHc=,2E2Q62I8SZOSu9m3/n/ZN8TIQk0=
6,-6,Bu5QaZl8OM57Y9ZHgRtz2istFHc=,lKEnCwsUtysjpLpAOjhQhjHnjEM=
8,-6,Bu5QaZl8OM57Y9ZHgRtz2istFHc=,m/oaD109vtxeeVeRFazjX8py6aw=
12,-1,Bu5QaZl8OM57Y9ZHgRtz2istFHc=,mn4EKdg/6CU6PjN+tuXdEMoGSxA=
11,-1,Bu5QaZl8OM57Y9ZHgRtz2istFHc=,kxUcKP7/1ol36gtk/4ScBTrYyCk=
12,-2,Bu5QaZl8OM57Y9ZHgRtz2istFHc=,mn4EKdg/6CU6PjN+tuXdEMoGSxA=
11,-2,Bu5QaZl8OM57Y9ZHgRtz2istFHc=,kxUcKP7/1ol36gtk/4ScBTrYyCk=
12,-3,Bu5QaZl8OM57Y9ZHgRtz2istFHc=,5rMl1llLFyG5hUxv9fJ6fgUiP3Q=
11,-3,Bu5QaZl8OM57Y9ZHgRtz2istFHc=,nsSQPMLwLY/6Dh5WOOLcQBT55pc=
8,-7,Bu5QaZl8OM57Y9ZHgRtz2istFHc=,vnx1kS0VNud9/TcJmfBLTnHrfDE=
5,-9,Bu5QaZl8OM57Y9ZHgRtz2istFHc=,1/E8bkQvAG7zyTyB+n+FCjrJFzw=
6,-9,Bu5QaZl8OM57Y9ZHgRtz2istFHc=,DiIue943lk7+IgM9e22MrBXAVBY=
8,-8,Bu5QaZl8OM57Y9ZHgRtz2istFHc=,vnx1kS0VNud9/TcJmfBLTnHrfDE=
6,-8,Bu5QaZl8OM57Y9ZHgRtz2istFHc=,d9GNzIwpZMMi9XEvQWPf6yL0yhI=
7,-9,Bu5QaZl8OM57Y9ZHgRtz2istFHc=,DiIue943lk7+IgM9e22MrBXAVBY=
8,-9,Bu5QaZl8OM57Y9ZHgRtz2istFHc=,N5TXicH9+4NtJjkJqpbDo+VEYWc=
7,-7,Bu5QaZl8OM57Y9ZHgRtz2istFHc=,d9GNzIwpZMMi9XEvQWPf6yL0yhI=
7,-8,Bu5QaZl8OM57Y9ZHgRtz2istFHc=,d9GNzIwpZMMi9XEvQWPf6yL0yhI=
6,-7,Bu5QaZl8OM57Y9ZHgRtz2istFHc=,d9GNzIwpZMMi9XEvQWPf6yL0yhI=
11,-9,Bu5QaZl8OM57Y9ZHgRtz2istFHc=,AJEpivLW9d+Fv6Sm9CXwVDjIDcA=
11,-8,Bu5QaZl8OM57Y9ZHgRtz2istFHc=,7g29mKYcSbtIsCEj4W7PLW+KT88=
13,-3,Bu5QaZl8OM57Y9ZHgRtz2istFHc=,5rMl1llLFyG5hUxv9fJ6fgUiP3Q=
13,-2,Bu5QaZl8OM57Y9ZHgRtz2istFHc=,mn4EKdg/6CU6PjN+tuXdEMoGSxA=
14,-3,Bu5QaZl8OM57Y9ZHgRtz2istFHc=,1SZ5mIkOt8pFgxiBzcf1r83AES0=
14,-2,Bu5QaZl8OM57Y9ZHgRtz2istFHc=,q0dMF64EqTOa6hH4Z+8N7u1ARgU=
13,-1,kmPyHGkpVHc+lNBh4gcgCvn7wk4=,mn4EKdg/6CU6PjN+tuXdEMoGSxA=
10,-1,kmPyHGkpVHc+lNBh4gcgCvn7wk4=,kxUcKP7/1ol36gtk/4ScBTrYyCk=
14,-4,kmPyHGkpVHc+lNBh4gcgCvn7wk4=,1SZ5mIkOt8pFgxiBzcf1r83AES0=
11,-7,kmPyHGkpVHc+lNBh4gcgCvn7wk4=,7g29mKYcSbtIsCEj4W7PLW+KT88=
14,-1,kmPyHGkpVHc+lNBh4gcgCvn7wk4=,q0dMF64EqTOa6hH4Z+8N7u1ARgU=
13,-4,kmPyHGkpVHc+lNBh4gcgCvn7wk4=,5rMl1llLFyG5hUxv9fJ6fgUiP3Q=
11,-6,kmPyHGkpVHc+lNBh4gcgCvn7wk4=,O4RIK1G4xADcsuO5taoBodUv0pg=
12,-6,kmPyHGkpVHc+lNBh4gcgCvn7wk4=,AeLS8Va1sNtRxiuWKEaANL8RQ08=
14,-6,kmPyHGkpVHc+lNBh4gcgCvn7wk4=,PQj+FQR30VUcoNX413rhoubdh2g=
13,-6,kmPyHGkpVHc+lNBh4gcgCvn7wk4=,AeLS8Va1sNtRxiuWKEaANL8RQ08=
14,-5,kmPyHGkpVHc+lNBh4gcgCvn7wk4=,PQj+FQR30VUcoNX413rhoubdh2g=
11,-4,kmPyHGkpVHc+lNBh4gcgCvn7wk4=,nsSQPMLwLY/6Dh5WOOLcQBT55pc=
11,-5,kmPyHGkpVHc+lNBh4gcgCvn7wk4=,O4RIK1G4xADcsuO5taoBodUv0pg=
13,-5,kmPyHGkpVHc+lNBh4gcgCvn7wk4=,AeLS8Va1sNtRxiuWKEaANL8RQ08=
12,-4,kmPyHGkpVHc+lNBh4gcgCvn7wk4=,5rMl1llLFyG5hUxv9fJ6fgUiP3Q=
12,-5,kmPyHGkpVHc+lNBh4gcgCvn7wk4=,AeLS8Va1sNtRxiuWKEaANL8RQ08=
9,-1,kmPyHGkpVHc+lNBh4gcgCvn7wk4=,fTFyX5qUGGwHg6+e+twXYPxO+84=
2,-1,1F8TCZLCMs1xStQCvnlqysG6r8Q=,TnTrR3JMaI/BkKMQoJQuJLtMWEY=
1,-1,1F8TCZLCMs1xStQCvnlqysG6r8Q=,NeWVQ1NXWKgRLwwanmmdTdHHWsw=
3,-1,1F8TCZLCMs1xStQCvnlqysG6r8Q=,TnTrR3JMaI/BkKMQoJQuJLtMWEY=
5,-1,1F8TCZLCMs1xStQCvnlqysG6r8Q=,SppWVdhrvB6FLVC4KM1OR9BWVUc=
8,-1,1F8TCZLCMs1xStQCvnlqysG6r8Q=,fTFyX5qUGGwHg6+e+twXYPxO+84=
4,-1,1F8TCZLCMs1xStQCvnlqysG6r8Q=,SppWVdhrvB6FLVC4KM1OR9BWVUc=
6,-1,1F8TCZLCMs1xStQCvnlqysG6r8Q=,ca4bQYQmeD3xveYPfCrjzSb0th0=
7,-1,1F8TCZLCMs1xStQCvnlqysG6r8Q=,ca4bQYQmeD3xveYPfCrjzSb0th0=
0,-4,1F8TCZLCMs1xStQCvnlqysG6r8Q=,rhIJpda3QBaZWSdfNFsCcd8bLQ8=
0,-3,1F8TCZLCMs1xStQCvnlqysG6r8Q=,rhIJpda3QBaZWSdfNFsCcd8bLQ8=
10,-10,1F8TCZLCMs1xStQCvnlqysG6r8Q=,AJEpivLW9d+Fv6Sm9CXwVDjIDcA=
11,-10,1F8TCZLCMs1xStQCvnlqysG6r8Q=,AJEpivLW9d+Fv6Sm9CXwVDjIDcA=
9,-10,1F8TCZLCMs1xStQCvnlqysG6r8Q=,N5TXicH9+4NtJjkJqpbDo+VEYWc=
15,-1,1F8TCZLCMs1xStQCvnlqysG6r8Q=,q0dMF64EqTOa6hH4Z+8N7u1ARgU=
0,-2,1F8TCZLCMs1xStQCvnlqysG6r8Q=,NeWVQ1NXWKgRLwwanmmdTdHHWsw=
15,-2,gunOHDLZbfWqX5jk97Hprras3MI=,q0dMF64EqTOa6hH4Z+8N7u1ARgU=
15,-3,gunOHDLZbfWqX5jk97Hprras3MI=,1SZ5mIkOt8pFgxiBzcf1r83AES0=
0,-5,gunOHDLZbfWqX5jk97Hprras3MI=,vq2hxRHf1S1FL3NG4J57Mgq9e7M=
0,-6,gunOHDLZbfWqX5jk97Hprras3MI=,vq2hxRHf1S1FL3NG4J57Mgq9e7M=
15,-4,gunOHDLZbfWqX5jk97Hprras3MI=,1SZ5mIkOt8pFgxiBzcf1r83AES0=
15,-5,gunOHDLZbfWqX5jk97Hprras3MI=,PQj+FQR30VUcoNX413rhoubdh2g=
0,-7,gunOHDLZbfWqX5jk97Hprras3MI=,YR+OX49Gw4UYkSF+EvbcjwrSQzc=
15,-6,gunOHDLZbfWqX5jk97Hprras3MI=,PQj+FQR30VUcoNX413rhoubdh2g=
1,-10,gunOHDLZbfWqX5jk97Hprras3MI=,MJDNFyZePm6sOBOwKHhtoVZCizo=
2,-8,gunOHDLZbfWqX5jk97Hprras3MI=,958YqKIspAqwFo82bCwVgwxjXlY=
2,-10,gunOHDLZbfWqX5jk97Hprras3MI=,YzwkG5Ao70+79DxUuk5CAm+cnH8=
1,-8,gunOHDLZbfWqX5jk97Hprras3MI=,YR+OX49Gw4UYkSF+EvbcjwrSQzc=
0,-10,gunOHDLZbfWqX5jk97Hprras3MI=,MJDNFyZePm6sOBOwKHhtoVZCizo=
0,-8,gunOHDLZbfWqX5jk97Hprras3MI=,YR+OX49Gw4UYkSF+EvbcjwrSQzc=
2,-9,gunOHDLZbfWqX5jk97Hprras3MI=,YzwkG5Ao70+79DxUuk5CAm+cnH8=
0,-9,gunOHDLZbfWqX5jk97Hprras3MI=,MJDNFyZePm6sOBOwKHhtoVZCizo=
1,-9,gunOHDLZbfWqX5jk97Hprras3MI=,MJDNFyZePm6sOBOwKHhtoVZCizo=
0,-1,gunOHDLZbfWqX5jk97Hprras3MI=,NeWVQ1NXWKgRLwwanmmdTdHHWsw=
19,-9,P3evNo6aRkfzpbpar/LZlPDI+Ug=,2upKpfz8bOfDrTr6LPRyzbFdKoI=
20,-8,P3evNo6aRkfzpbpar/LZlPDI+Ug=,tL9oyZfuHyrSV+UebiGFt4KQdBU=
19,-8,P3evNo6aRkfzpbpar/LZlPDI+Ug=,n/lQ5oXEkR26tRTLCpxKN2sw+Lk=
20,-9,P3evNo6aRkfzpbpar/LZlPDI+Ug=,x7vprNrF8WEThmBBIWjdRZEWlfQ=
21,-8,P3evNo6aRkfzpbpar/LZlPDI+Ug=,tL9oyZfuHyrSV+UebiGFt4KQdBU=
21,-9,P3evNo6aRkfzpbpar/LZlPDI+Ug=,x7vprNrF8WEThmBBIWjdRZEWlfQ=
18,-4,P3evNo6aRkfzpbpar/LZlPDI+Ug=,+evRC+zP5K0H38vo9Q88+K1ma54=
17,-5,P3evNo6aRkfzpbpar/LZlPDI+Ug=,zoHKDsdV29MfG+bq1ops1mvAk40=
18,-5,P3evNo6aRkfzpbpar/LZlPDI+Ug=,YO3qvzHoLL1tpQwKvB85R4EsO/E=
19,-4,P3evNo6aRkfzpbpar/LZlPDI+Ug=,+evRC+zP5K0H38vo9Q88+K1ma54=
17,-4,P3evNo6aRkfzpbpar/LZlPDI+Ug=,dF9MjCvVU2faFJk2AoKPmJic26s=
19,-5,P3evNo6aRkfzpbpar/LZlPDI+Ug=,YO3qvzHoLL1tpQwKvB85R4EsO/E=
20,-5,P3evNo6aRkfzpbpar/LZlPDI+Ug=,sAmUCh5PzmrPTjCgskIKzjMlLjo=
20,-7,P3evNo6aRkfzpbpar/LZlPDI+Ug=,tL9oyZfuHyrSV+UebiGFt4KQdBU=
19,-6,P3evNo6aRkfzpbpar/LZlPDI+Ug=,YO3qvzHoLL1tpQwKvB85R4EsO/E=
20,-6,P3evNo6aRkfzpbpar/LZlPDI+Ug=,sAmUCh5PzmrPTjCgskIKzjMlLjo=
19,-7,P3evNo6aRkfzpbpar/LZlPDI+Ug=,n/lQ5oXEkR26tRTLCpxKN2sw+Lk=
24,-7,P3evNo6aRkfzpbpar/LZlPDI+Ug=,YVK3CeL1uO2mu53o1DnGn6y6N3E=
21,-7,P3evNo6aRkfzpbpar/LZlPDI+Ug=,tL9oyZfuHyrSV+UebiGFt4KQdBU=
24,-6,DR/x0dHDeWbG/Yq495M4Eyq19b8=,2zpgbZ03MNazS0261pVTok55po0=
22,-6,DR/x0dHDeWbG/Yq495M4Eyq19b8=,N3kDsvETlBdbTyidIHAkEVKP8LU=
21,-6,DR/x0dHDeWbG/Yq495M4Eyq19b8=,sAmUCh5PzmrPTjCgskIKzjMlLjo=
23,-6,DR/x0dHDeWbG/Yq495M4Eyq19b8=,N3kDsvETlBdbTyidIHAkEVKP8LU=
29,-5,DR/x0dHDeWbG/Yq495M4Eyq19b8=,/8BnJX13vvH35mQP0iVe3A1JFls=
24,-5,DR/x0dHDeWbG/Yq495M4Eyq19b8=,2zpgbZ03MNazS0261pVTok55po0=
22,-5,DR/x0dHDeWbG/Yq495M4Eyq19b8=,N3kDsvETlBdbTyidIHAkEVKP8LU=
23,-5,DR/x0dHDeWbG/Yq495M4Eyq19b8=,N3kDsvETlBdbTyidIHAkEVKP8LU=
21,-5,DR/x0dHDeWbG/Yq495M4Eyq19b8=,sAmUCh5PzmrPTjCgskIKzjMlLjo=
30,-5,DR/x0dHDeWbG/Yq495M4Eyq19b8=,0LionvKwFfqyH65P0vaiZ6v9GYg=
26,-5,DR/x0dHDeWbG/Yq495M4Eyq19b8=,8+L6ZRpWa5FgPmpeWG+NtLXmFDw=
28,-5,DR/x0dHDeWbG/Yq495M4Eyq19b8=,/8BnJX13vvH35mQP0iVe3A1JFls=
25,-7,DR/x0dHDeWbG/Yq495M4Eyq19b8=,YVK3CeL1uO2mu53o1DnGn6y6N3E=
27,-5,DR/x0dHDeWbG/Yq495M4Eyq19b8=,8+L6ZRpWa5FgPmpeWG+NtLXmFDw=
25,-5,DR/x0dHDeWbG/Yq495M4Eyq19b8=,2zpgbZ03MNazS0261pVTok55po0=
26,-7,DR/x0dHDeWbG/Yq495M4Eyq19b8=,6MWI3MhslFZap6eaZ4NDVoyzzxg=
25,-6,DR/x0dHDeWbG/Yq495M4Eyq19b8=,2zpgbZ03MNazS0261pVTok55po0=
26,-6,DR/x0dHDeWbG/Yq495M4Eyq19b8=,8+L6ZRpWa5FgPmpeWG+NtLXmFDw=
18,-7,DR/x0dHDeWbG/Yq495M4Eyq19b8=,n/lQ5oXEkR26tRTLCpxKN2sw+Lk=
18,-6,DR/x0dHDeWbG/Yq495M4Eyq19b8=,YO3qvzHoLL1tpQwKvB85R4EsO/E=
17,-6,DR/x0dHDeWbG/Yq495M4Eyq19b8=,zoHKDsdV29MfG+bq1ops1mvAk40=
16,-6,DR/x0dHDeWbG/Yq495M4Eyq19b8=,zoHKDsdV29MfG+bq1ops1mvAk40=
16,-4,DR/x0dHDeWbG/Yq495M4Eyq19b8=,dF9MjCvVU2faFJk2AoKPmJic26s=
28,-10,DR/x0dHDeWbG/Yq495M4Eyq19b8=,6YKTTPZzCiXp6yMHIxFryHVY48Q=
30,-10,DR/x0dHDeWbG/Yq495M4Eyq19b8=,skNOgakk3G+ohi5RCGPNIEaNLi0=
29,-10,DR/x0dHDeWbG/Yq495M4Eyq19b8=,6YKTTPZzCiXp6yMHIxFryHVY48Q=
16,-5,DR/x0dHDeWbG/Yq495M4Eyq19b8=,zoHKDsdV29MfG+bq1ops1mvAk40=
27,-7,DR/x0dHDeWbG/Yq495M4Eyq19b8=,6MWI3MhslFZap6eaZ4NDVoyzzxg=
30,-8,DR/x0dHDeWbG/Yq495M4Eyq19b8=,iOGE8R3eTG4/jrc7zum2hveq/TU=
30,-9,DR/x0dHDeWbG/Yq495M4Eyq19b8=,skNOgakk3G+ohi5RCGPNIEaNLi0=
28,-9,DR/x0dHDeWbG/Yq495M4Eyq19b8=,6YKTTPZzCiXp6yMHIxFryHVY48Q=
27,-8,DR/x0dHDeWbG/Yq495M4Eyq19b8=,6MWI3MhslFZap6eaZ4NDVoyzzxg=
28,-6,l2I9mTAOwcE0DDQBVEa99a0J8KI=,/8BnJX13vvH35mQP0iVe3A1JFls=
30,-7,l2I9mTAOwcE0DDQBVEa99a0J8KI=,iOGE8R3eTG4/jrc7zum2hveq/TU=
29,-9,l2I9mTAOwcE0DDQBVEa99a0J8KI=,6YKTTPZzCiXp6yMHIxFryHVY48Q=
29,-6,l2I9mTAOwcE0DDQBVEa99a0J8KI=,/8BnJX13vvH35mQP0iVe3A1JFls=
27,-6,l2I9mTAOwcE0DDQBVEa99a0J8KI=,8+L6ZRpWa5FgPmpeWG+NtLXmFDw=
28,-7,l2I9mTAOwcE0DDQBVEa99a0J8KI=,qt1/lZO8aRoYIhkKGPqMNixWOL8=
29,-7,l2I9mTAOwcE0DDQBVEa99a0J8KI=,qt1/lZO8aRoYIhkKGPqMNixWOL8=
18,-9,l2I9mTAOwcE0DDQBVEa99a0J8KI=,2upKpfz8bOfDrTr6LPRyzbFdKoI=
18,-8,l2I9mTAOwcE0DDQBVEa99a0J8KI=,n/lQ5oXEkR26tRTLCpxKN2sw+Lk=
28,-8,l2I9mTAOwcE0DDQBVEa99a0J8KI=,qt1/lZO8aRoYIhkKGPqMNixWOL8=
16,-3,l2I9mTAOwcE0DDQBVEa99a0J8KI=,dF9MjCvVU2faFJk2AoKPmJic26s=
18,-10,l2I9mTAOwcE0DDQBVEa99a0J8KI=,2upKpfz8bOfDrTr6LPRyzbFdKoI=
17,-3,l2I9mTAOwcE0DDQBVEa99a0J8KI=,dF9MjCvVU2faFJk2AoKPmJic26s=
18,-3,l2I9mTAOwcE0DDQBVEa99a0J8KI=,+evRC+zP5K0H38vo9Q88+K1ma54=
19,-3,l2I9mTAOwcE0DDQBVEa99a0J8KI=,+evRC+zP5K0H38vo9Q88+K1ma54=
31,-10,l2I9mTAOwcE0DDQBVEa99a0J8KI=,skNOgakk3G+ohi5RCGPNIEaNLi0=
31,-9,l2I9mTAOwcE0DDQBVEa99a0J8KI=,skNOgakk3G+ohi5RCGPNIEaNLi0=
31,-8,l2I9mTAOwcE0DDQBVEa99a0J8KI=,iOGE8R3eTG4/jrc7zum2hveq/TU=
31,-7,l2I9mTAOwcE0DDQBVEa99a0J8KI=,iOGE8R3eTG4/jrc7zum2hveq/TU=
31,-6,l2I9mTAOwcE0DDQBVEa99a0J8KI=,0LionvKwFfqyH65P0vaiZ6v9GYg=
30,-6,l2I9mTAOwcE0DDQBVEa99a0J8KI=,0LionvKwFfqyH65P0vaiZ6v9GYg=
24,-8,l2I9mTAOwcE0DDQBVEa99a0J8KI=,YVK3CeL1uO2mu53o1DnGn6y6N3E=
25,-8,l2I9mTAOwcE0DDQBVEa99a0J8KI=,YVK3CeL1uO2mu53o1DnGn6y6N3E=
26,-8,l2I9mTAOwcE0DDQBVEa99a0J8KI=,6MWI3MhslFZap6eaZ4NDVoyzzxg=
23,-13,l2I9mTAOwcE0DDQBVEa99a0J8KI=,tXuFtttyUipu/kKI3oT9EHj20tE=
31,-5,l2I9mTAOwcE0DDQBVEa99a0J8KI=,0LionvKwFfqyH65P0vaiZ6v9GYg=
20,-16,l2I9mTAOwcE0DDQBVEa99a0J8KI=,epm86DJf+P/uQu8o9GRNd8da09A=
21,-16,l2I9mTAOwcE0DDQBVEa99a0J8KI=,epm86DJf+P/uQu8o9GRNd8da09A=
23,-15,l2I9mTAOwcE0DDQBVEa99a0J8KI=,W2KbTUjelgQBfYNaIY1GeDmux98=
22,-16,l2I9mTAOwcE0DDQBVEa99a0J8KI=,W2KbTUjelgQBfYNaIY1GeDmux98=
20,-15,l2I9mTAOwcE0DDQBVEa99a0J8KI=,epm86DJf+P/uQu8o9GRNd8da09A=
20,-14,l2I9mTAOwcE0DDQBVEa99a0J8KI=,hyP22Y89dBKOZo6hF9JS7INjIZc=
23,-16,l2I9mTAOwcE0DDQBVEa99a0J8KI=,W2KbTUjelgQBfYNaIY1GeDmux98=
23,-14,l2I9mTAOwcE0DDQBVEa99a0J8KI=,tXuFtttyUipu/kKI3oT9EHj20tE=
21,-15,l2I9mTAOwcE0DDQBVEa99a0J8KI=,epm86DJf+P/uQu8o9GRNd8da09A=
22,-15,l2I9mTAOwcE0DDQBVEa99a0J8KI=,W2KbTUjelgQBfYNaIY1GeDmux98=
21,-14,l2I9mTAOwcE0DDQBVEa99a0J8KI=,hyP22Y89dBKOZo6hF9JS7INjIZc=
29,-8,l2I9mTAOwcE0DDQBVEa99a0J8KI=,qt1/lZO8aRoYIhkKGPqMNixWOL8=
22,-14,l2I9mTAOwcE0DDQBVEa99a0J8KI=,tXuFtttyUipu/kKI3oT9EHj20tE=
20,-13,l2I9mTAOwcE0DDQBVEa99a0J8KI=,hyP22Y89dBKOZo6hF9JS7INjIZc=
21,-10,l2I9mTAOwcE0DDQBVEa99a0J8KI=,x7vprNrF8WEThmBBIWjdRZEWlfQ=
19,-10,l2I9mTAOwcE0DDQBVEa99a0J8KI=,2upKpfz8bOfDrTr6LPRyzbFdKoI=
21,-11,l2I9mTAOwcE0DDQBVEa99a0J8KI=,OC0wOLKW8od51BqyGpWPvKbCGbY=
22,-13,l2I9mTAOwcE0DDQBVEa99a0J8KI=,tXuFtttyUipu/kKI3oT9EHj20tE=
20,-12,l2I9mTAOwcE0DDQBVEa99a0J8KI=,OC0wOLKW8od51BqyGpWPvKbCGbY=
21,-13,l2I9mTAOwcE0DDQBVEa99a0J8KI=,hyP22Y89dBKOZo6hF9JS7INjIZc=
20,-10,l2I9mTAOwcE0DDQBVEa99a0J8KI=,x7vprNrF8WEThmBBIWjdRZEWlfQ=
21,-12,l2I9mTAOwcE0DDQBVEa99a0J8KI=,OC0wOLKW8od51BqyGpWPvKbCGbY=
20,-11,l2I9mTAOwcE0DDQBVEa99a0J8KI=,OC0wOLKW8od51BqyGpWPvKbCGbY=
25,-18,Lux0m5lG1rc5d9wQ2O7IZh6RLUk=,hQrozYpwMrJLKx8/1OHKqzNqsrc=
25,-19,Lux0m5lG1rc5d9wQ2O7IZh6RLUk=,vusFU/1gaSkrK3Us3E4H7+/xVr0=
24,-22,Lux0m5lG1rc5d9wQ2O7IZh6RLUk=,L+wpYyTvmSfMprIZCCd77i2SIP8=
23,-22,Lux0m5lG1rc5d9wQ2O7IZh6RLUk=,blCcbDW9kgxcUgSDU4dNzgq3AQI=
22,-22,Lux0m5lG1rc5d9wQ2O7IZh6RLUk=,blCcbDW9kgxcUgSDU4dNzgq3AQI=
25,-17,Lux0m5lG1rc5d9wQ2O7IZh6RLUk=,hQrozYpwMrJLKx8/1OHKqzNqsrc=
25,-21,Lux0m5lG1rc5d9wQ2O7IZh6RLUk=,L+wpYyTvmSfMprIZCCd77i2SIP8=
25,-20,Lux0m5lG1rc5d9wQ2O7IZh6RLUk=,vusFU/1gaSkrK3Us3E4H7+/xVr0=
25,-22,Lux0m5lG1rc5d9wQ2O7IZh6RLUk=,L+wpYyTvmSfMprIZCCd77i2SIP8=
24,-17,Lux0m5lG1rc5d9wQ2O7IZh6RLUk=,hQrozYpwMrJLKx8/1OHKqzNqsrc=
22,-21,Lux0m5lG1rc5d9wQ2O7IZh6RLUk=,blCcbDW9kgxcUgSDU4dNzgq3AQI=
24,-18,Lux0m5lG1rc5d9wQ2O7IZh6RLUk=,hQrozYpwMrJLKx8/1OHKqzNqsrc=
22,-18,Lux0m5lG1rc5d9wQ2O7IZh6RLUk=,rymzcYGTDEjrvwezFneMxi1RfI0=
23,-17,Lux0m5lG1rc5d9wQ2O7IZh6RLUk=,rymzcYGTDEjrvwezFneMxi1RfI0=
22,-20,Lux0m5lG1rc5d9wQ2O7IZh6RLUk=,08XOONaMPJF1dtWyUj4uOt3PU3E=
23,-21,Lux0m5lG1rc5d9wQ2O7IZh6RLUk=,blCcbDW9kgxcUgSDU4dNzgq3AQI=
24,-21,Lux0m5lG1rc5d9wQ2O7IZh6RLUk=,L+wpYyTvmSfMprIZCCd77i2SIP8=
22,-17,Lux0m5lG1rc5d9wQ2O7IZh6RLUk=,rymzcYGTDEjrvwezFneMxi1RfI0=
24,-19,Lux0m5lG1rc5d9wQ2O7IZh6RLUk=,vusFU/1gaSkrK3Us3E4H7+/xVr0=
24,-20,Lux0m5lG1rc5d9wQ2O7IZh6RLUk=,vusFU/1gaSkrK3Us3E4H7+/xVr0=
23,-19,Lux0m5lG1rc5d9wQ2O7IZh6RLUk=,08XOONaMPJF1dtWyUj4uOt3PU3E=
23,-18,Lux0m5lG1rc5d9wQ2O7IZh6RLUk=,rymzcYGTDEjrvwezFneMxi1RfI0=
22,-19,Lux0m5lG1rc5d9wQ2O7IZh6RLUk=,08XOONaMPJF1dtWyUj4uOt3PU3E=
23,-20,Lux0m5lG1rc5d9wQ2O7IZh6RLUk=,08XOONaMPJF1dtWyUj4uOt3PU3E=
